﻿[
    {
      "productName": "Netduino Go",
      "productId": 4,
      "configBaseAddress": 0x0800C000,
      "flashBaseAddress": 0x08020000,
      "hasMacAddress": false,
		"sectors": [
			0x08000000,
			0x08004000,
			0x08008000,
			0x0800C000,
			0x08010000,
			0x08020000,
			0x08040000,
			0x08060000,
			0x08080000,
			0x080A0000,
			0x080C0000,
			0x080E0000
		]
    },
    {
      "productName": "Netduino Plus 2",
      "productId": 5,
      "configBaseAddress": 0x0800C000,
      "flashBaseAddress": 0x08020000,
      "hasMacAddress": true,
		"sectors": [
			0x08000000,
			0x08004000,
			0x08008000,
			0x0800C000,
			0x08010000,
			0x08020000,
			0x08040000,
			0x08060000,
			0x08080000,
			0x080A0000,
			0x080C0000,
			0x080E0000
		]
    },
    {
      "productName": "Netduino 2",
      "productId": 6,
      "configBaseAddress": 0x0800C000,
      "flashBaseAddress": 0x08040000,
      "hasMacAddress": false,
		"sectors": [
			0x08000000,
			0x08004000,
			0x08008000,
			0x0800C000,
			0x08010000,
			0x08020000,
			0x08040000,
			0x08060000,
			0x08080000,
			0x080A0000
		]
    },
    {
      "productName": "Netduino 3",
      "productId": 7,
      "configBaseAddress": 0x0800C000,
      "flashBaseAddress": 0x08020000,
      "hasMacAddress": false,
		"sectors": [
			0x08000000,
			0x08004000,
			0x08008000,
			0x0800C000,
			0x08010000,
			0x08020000,
			0x08040000,
			0x08060000,
			0x08080000,
			0x080A0000,
			0x080C0000,
			0x080E0000
		]
    },
    {
      "productName": "Netduino 3 Ethernet",
      "productId": 8,
      "configBaseAddress": 0x0800C000,
      "flashBaseAddress": 0x08020000,
      "hasMacAddress": true,
		"sectors": [
			0x08000000,
			0x08004000,
			0x08008000,
			0x0800C000,
			0x08010000,
			0x08020000,
			0x08040000,
			0x08060000,
			0x08080000,
			0x080A0000,
			0x080C0000,
			0x080E0000
		]
    },
    {
      "productName": "Netduino 3 Wi-Fi",
      "productId": 9,
      "configBaseAddress": 0x0800C000,
      "flashBaseAddress": 0x08020000,
      "hasMacAddress": true,
		"sectors": [
			0x08000000,
			0x08004000,
			0x08008000,
			0x0800C000,
			0x08010000,
			0x08020000,
			0x08040000,
			0x08060000,
			0x08080000,
			0x080A0000,
			0x080C0000,
			0x080E0000
		]
    }
  ]
